"Customer_ID";"Purchase_Date";"Product_Category";"Product_Price";"Quantity";"Total_Purchase_Amount";"Payment_Method";"Customer_Age";"Returns";"Customer_Name";"Age";"Gender";"Churn"
"44605";"03/05/2023";"Home";"177";"1";"2427";"PayPal";"31";"1";"John Rivera";"31";"Female";"0"
"44605";"16/05/2021";"Electronics";"174";"3";"2448";"PayPal";"31";"1";"John Rivera";"31";"Female";"0"
"44605";"13/07/2020";"Books";"413";"1";"2345";"Credit Card";"31";"1";"John Rivera";"31";"Female";"0"
"44605";"17/01/2023";"Electronics";"396";"3";"937";"Cash";"31";"0";"John Rivera";"31";"Female";"0"
"44605";"01/05/2021";"Books";"259";"4";"2598";"PayPal";"31";"1";"John Rivera";"31";"Female";"0"
"13738";"25/08/2022";"Home";"191";"3";"3722";"Credit Card";"27";"1";"Lauren Johnson";"27";"Female";"0"
"13738";"05/02/2023";"Books";"370";"5";"1486";"Cash";"27";"1";"Lauren Johnson";"27";"Female";"0"
"13738";"09/02/2023";"Electronics";"40";"4";"4327";"Cash";"27";"0";"Lauren Johnson";"27";"Female";"0"
"33969";"05/01/2023";"Home";"304";"1";"3883";"PayPal";"27";"1";"Carol Allen";"27";"Male";"0"
"33969";"18/07/2023";"Books";"54";"2";"4187";"PayPal";"27";"0";"Carol Allen";"27";"Male";"0"
"33969";"20/12/2021";"Electronics";"428";"4";"2289";"Cash";"27";"0";"Carol Allen";"27";"Male";"0"
"33969";"07/03/2020";"Books";"281";"1";"3810";"Cash";"27";"0";"Carol Allen";"27";"Male";"0"
"33969";"21/07/2022";"Home";"193";"2";"3198";"Credit Card";"27";"0";"Carol Allen";"27";"Male";"0"
"33969";"05/07/2023";"Clothing";"473";"3";"2881";"Credit Card";"27";"1";"Carol Allen";"27";"Male";"0"
"42650";"18/10/2020";"Books";"127";"5";"3347";"Cash";"20";"0";"Curtis Smith";"20";"Female";"0"
"42650";"17/05/2020";"Home";"284";"2";"3531";"Credit Card";"20";"1";"Curtis Smith";"20";"Female";"0"
"42650";"18/03/2022";"Electronics";"256";"2";"3548";"Credit Card";"20";"0";"Curtis Smith";"20";"Female";"0"
"42650";"21/04/2021";"Clothing";"252";"2";"1775";"Credit Card";"20";"1";"Curtis Smith";"20";"Female";"0"
"42650";"11/11/2020";"Electronics";"193";"2";"3266";"PayPal";"20";"1";"Curtis Smith";"20";"Female";"0"
"42650";"29/04/2023";"Home";"43";"1";"2312";"Cash";"20";"0";"Curtis Smith";"20";"Female";"0"
"42650";"04/07/2022";"Home";"30";"5";"642";"PayPal";"20";"1";"Curtis Smith";"20";"Female";"0"
"42650";"01/08/2021";"Electronics";"30";"3";"5024";"Credit Card";"20";"1";"Curtis Smith";"20";"Female";"0"
"42650";"24/03/2022";"Electronics";"254";"1";"3865";"PayPal";"20";"0";"Curtis Smith";"20";"Female";"0"
"42650";"02/09/2022";"Books";"12";"3";"3112";"Cash";"20";"1";"Curtis Smith";"20";"Female";"0"
"42650";"14/11/2021";"Books";"66";"3";"250";"PayPal";"20";"1";"Curtis Smith";"20";"Female";"0"
"24053";"17/11/2020";"Electronics";"102";"2";"5206";"Credit Card";"53";"1";"Jose Green";"53";"Male";"0"
"24053";"07/05/2021";"Books";"187";"5";"629";"PayPal";"53";"1";"Jose Green";"53";"Male";"0"
"24053";"07/09/2022";"Books";"86";"1";"843";"Credit Card";"53";"1";"Jose Green";"53";"Male";"0"
"24053";"05/07/2020";"Electronics";"364";"3";"1008";"Credit Card";"53";"0";"Jose Green";"53";"Male";"0"
"24053";"11/01/2022";"Books";"210";"2";"4567";"Credit Card";"53";"0";"Jose Green";"53";"Male";"0"
"19676";"12/01/2022";"Clothing";"304";"3";"4869";"PayPal";"57";"1";"Linda Lee";"57";"Male";"0"
"19676";"26/06/2021";"Electronics";"329";"1";"3391";"Cash";"57";"1";"Linda Lee";"57";"Male";"0"
"19676";"30/06/2022";"Clothing";"306";"4";"1712";"Credit Card";"57";"1";"Linda Lee";"57";"Male";"0"
"19676";"20/04/2020";"Electronics";"165";"5";"603";"Credit Card";"57";"0";"Linda Lee";"57";"Male";"0"
"16051";"20/08/2021";"Books";"118";"2";"3672";"Cash";"45";"0";"Ellen Kent";"45";"Male";"0"
"16051";"14/02/2020";"Clothing";"14";"4";"2733";"PayPal";"45";"0";"Ellen Kent";"45";"Male";"0"
"16051";"30/10/2020";"Clothing";"351";"5";"716";"PayPal";"45";"0";"Ellen Kent";"45";"Male";"0"
"16051";"25/11/2020";"Clothing";"89";"1";"3577";"PayPal";"45";"1";"Ellen Kent";"45";"Male";"0"
"16051";"13/09/2020";"Home";"287";"3";"3908";"Cash";"45";"0";"Ellen Kent";"45";"Male";"0"
"16051";"29/08/2021";"Home";"400";"3";"4889";"Cash";"45";"1";"Ellen Kent";"45";"Male";"0"
"16051";"19/04/2022";"Clothing";"22";"2";"4490";"Credit Card";"45";"1";"Ellen Kent";"45";"Male";"0"
"16051";"31/05/2020";"Home";"23";"1";"3820";"Credit Card";"45";"0";"Ellen Kent";"45";"Male";"0"
"23734";"02/11/2021";"Clothing";"14";"1";"5020";"Credit Card";"18";"1";"Cheryl Espinoza";"18";"Male";"0"
"23734";"21/09/2022";"Electronics";"75";"1";"289";"PayPal";"18";"0";"Cheryl Espinoza";"18";"Male";"0"
"23734";"09/02/2020";"Books";"283";"5";"2673";"Cash";"18";"0";"Cheryl Espinoza";"18";"Male";"0"
"23734";"19/06/2021";"Clothing";"31";"4";"4894";"Cash";"18";"1";"Cheryl Espinoza";"18";"Male";"0"
"16921";"24/01/2023";"Books";"51";"3";"1881";"PayPal";"54";"1";"Cheyenne James";"54";"Male";"0"
"16921";"04/02/2020";"Clothing";"350";"2";"1752";"Cash";"54";"1";"Cheyenne James";"54";"Male";"0"
"16921";"07/01/2021";"Home";"66";"1";"2892";"Cash";"54";"0";"Cheyenne James";"54";"Male";"0"
