<?xml version="1.1" encoding="UTF-8"?>
<expression:EMFExpression xmi:version="2.0" xmlns:xmi="http://www.omg.org/XMI" xmlns:expression="http:///expression.ecore" id="tMap_1=>" expression="row1.Churn > 0 ?&quot;Customer won't come back&quot;:&quot;Customer will come back&quot;">
  <variables name="row1.Customer_ID" value="null" talendType="id_Integer" nullable="true"/>
  <variables name="row1.Purchase_Date" value="null" talendType="id_Date" nullable="true"/>
  <variables name="row1.Product_Category" value="null" talendType="id_String" nullable="true"/>
  <variables name="row1.Product_Price" value="null" talendType="id_Integer" nullable="true"/>
  <variables name="row1.Quantity" value="null" talendType="id_Integer" nullable="true"/>
  <variables name="row1.Total_Purchase_Amount" value="null" talendType="id_Integer" nullable="true"/>
  <variables name="row1.Payment_Method" value="null" talendType="id_String" nullable="true"/>
  <variables name="row1.Customer_Age" value="null" talendType="id_Integer" nullable="true"/>
  <variables name="row1.Returns" value="null" talendType="id_Integer" nullable="true"/>
  <variables name="row1.Customer_Name" value="null" talendType="id_String" nullable="true"/>
  <variables name="row1.Age" value="null" talendType="id_Integer" nullable="true"/>
  <variables name="row1.Gender" value="null" talendType="id_String" nullable="true"/>
  <variables name="row1.Churn" value="null" talendType="id_Integer" nullable="true"/>
  <variables name="row2.Customer_ID" value="null" talendType="id_Integer" nullable="true"/>
  <variables name="row2.Purchase_Date" value="null" talendType="id_Date" nullable="true"/>
  <variables name="row2.Product_Category" value="null" talendType="id_String" nullable="true"/>
  <variables name="row2.Product_Price" value="null" talendType="id_Integer" nullable="true"/>
  <variables name="row2.Quantity" value="null" talendType="id_Integer" nullable="true"/>
  <variables name="row2.Total_Purchase_Amount" value="null" talendType="id_Integer" nullable="true"/>
  <variables name="row2.Payment_Method" value="null" talendType="id_String" nullable="true"/>
  <variables name="row2.Customer_Age" value="null" talendType="id_Integer" nullable="true"/>
  <variables name="row2.Returns" value="null" talendType="id_Integer" nullable="true"/>
  <variables name="row2.Customer_Name" value="null" talendType="id_String" nullable="true"/>
  <variables name="row2.Age" value="null" talendType="id_Integer" nullable="true"/>
  <variables name="row2.Gender" value="null" talendType="id_String" nullable="true"/>
  <variables name="row2.City" value="null" talendType="id_String" nullable="true"/>
  <variables name="row2.Churn" value="null" talendType="id_Integer" nullable="true"/>
</expression:EMFExpression>
